id,text
0,"advent chimney elf family fireplace gingerbread mistletoe ornament reindeer scrooge"
1,"advent chimney elf family fireplace gingerbread mistletoe ornament reindeer scrooge walk give jump drive bake the sleep night laugh and"
2,"yuletide decorations gifts cheer holiday carol magi nutcracker polar grinch sleigh chimney workshop stocking ornament holly jingle beard naughty nice"
3,"yuletide decorations gifts cheer holiday carol magi nutcracker polar grinch sleigh chimney workshop stocking ornament holly jingle beard naughty nice sing cheer and of the is eat visit relax unwrap"
4,"hohoho candle poinsettia snowglobe peppermint eggnog fruitcake chocolate candy puzzle game doll toy workshop wonder believe dream hope peace joy merry season greeting card wrapping paper bow fireplace night cookie milk star wish wreath angel the to of and in that have it not with as you from we kaggle"
5,"advent chimney elf family fireplace gingerbread mistletoe ornament reindeer scrooge walk give jump drive bake the sleep night laugh and yuletide decorations gifts cheer holiday carol magi nutcracker polar grinch sleigh chimney workshop stocking ornament holly jingle beard naughty nice sing cheer and of the is eat visit relax unwrap hohoho candle poinsettia snowglobe peppermint eggnog fruitcake chocolate candy puzzle game doll toy workshop wonder believe dream hope peace joy merry season greeting card wrapping paper bow fireplace night cookie milk star wish wreath angel the to of and in that have it not with as you from we kaggle"